type,prob
1,0.05362399106191006
2,0.24299949123160322
3,0.20445653007724568
4,0.0811816608532203
5,0.07358249128202335
6,0.04720847135126935
7,0.08220155369878614
8,0.10950403977563948
9,0.05066064965523201
10,0.0545811210130705
