type,prob
1,0.022139438552040366
2,0.014317778874507425
3,0.27072023812887447
4,0.08404711502867498
5,0.04219700090712129
6,0.22940029539696224
7,0.2754168590976246
8,0.005665519911797351
9,0.031619211133954654
10,0.024476542968442462
