type,prob
1,0.0332152033565381
2,0.054775206515624
3,0.27617271151447004
4,0.16014704328388488
5,0.03312426754374001
6,0.03480954841026964
7,0.032109589999149916
8,0.19929889328645456
9,0.14378348796159335
10,0.03256404812827534
