type,prob
1,0.10131616778123943
2,0.22969565316272714
3,0.013703232978883843
4,0.039180035789615895
5,0.18891876458729873
6,0.10640488129879548
7,0.027778361562362578
8,0.11736311203350386
9,0.009156973006026104
10,0.166482817799547
