type,prob
1,0.09592611654443138
2,0.2271107071314769
3,0.057458369660006545
4,0.07425881642272146
5,0.10645204710256131
6,0.10183153103546513
7,0.035055846944736825
8,0.08244916929452797
9,0.07826498198250662
10,0.1411924138815658
