type,prob
1,0.1611196697222784
2,0.02407265789433098
3,0.14870066502566462
4,0.08737934953253054
5,0.2774225459431879
6,0.04086446742212198
7,0.07244063951996944
8,0.042372695362947584
9,0.013731564216141839
10,0.13189574536082688
