type,prob
1,0.15340003424190304
2,0.2212007234923867
3,0.06590849648248763
4,0.045394487561616605
5,0.2539673024234412
6,0.0483062730153318
7,0.028320887489978675
8,0.12274148980802596
9,0.04818100687297868
10,0.01257929861184964
