type,prob
1,0.01827504330531
2,0.09363684093470567
3,0.040689909335206234
4,0.0208210101058956
5,0.160282690172689
6,0.3586164784547443
7,0.0036398210406922565
8,0.05261158583507911
9,0.24168419581447387
10,0.009742425001204024
