type,prob
1,0.00968725316365982
2,0.07388581611081485
3,0.17947823211236866
4,0.10648163715566947
5,0.23542649157258208
6,0.029389096567752918
7,0.1259528029784516
8,0.018590743136610584
9,0.06821343736821411
10,0.15289448983387607
