type,prob
1,0.09797676970619076
2,0.07892936384644934
3,0.02434381686977849
4,0.038495190211399834
5,0.07827322545516066
6,0.2620802532807434
7,0.05655586744469682
8,0.22031024238983404
9,0.14066572905362432
10,0.0023695417421222553
