type,prob
1,0.031193646537636583
2,0.11436087356707787
3,0.14799355600473865
4,0.08429466933942567
5,0.13489069163202974
6,0.3417979517949143
7,0.02388393074775283
8,0.05729183305434827
9,0.032511700239034706
10,0.03178114708304129
