type,prob
1,0.1458180657711485
2,0.21180280720360828
3,0.04094002192590481
4,0.057897948019312515
5,0.10735452188116493
6,0.1063361946592562
7,0.06443828382264552
8,0.13433990284099684
9,0.008306817311895165
10,0.12276543656406728
