type,prob
1,0.002767708105123998
2,0.15741136331003433
3,0.011372427732724228
4,0.2194238244973842
5,0.0038458166249784567
6,0.06453983541835172
7,0.09102380292282587
8,0.23736009822280815
9,0.006351886945900261
10,0.20590323621986878
