type,prob
1,0.10215432201235781
2,0.12388753552086221
3,0.028811993912938146
4,0.12348123447977734
5,0.005656357804098833
6,0.19536255485151702
7,0.24140092579373842
8,0.01186743568985465
9,0.02234868565114332
10,0.1450289542837125
