type,prob
1,0.21369839262155868
2,0.19775147609791155
3,0.02906885555235811
4,0.0687019745628963
5,0.02695758571171216
6,0.25779114723039287
7,0.08502448742126612
8,0.011492285772925598
9,0.05132089584321041
10,0.0581928991857685
