type,prob
1,0.06794140168484636
2,0.05809603762921936
3,0.09387662940097519
4,0.07716725515100013
5,0.06492979408542675
6,0.19418465063576523
7,0.07233580938525119
8,0.06448065324871577
9,0.23382163576702866
10,0.07316613301177158
