type,prob
1,0.1715084058751412
2,0.11765005108729885
3,0.07558752910511325
4,0.019603403555868714
5,0.041786035010658786
6,0.045578423598932404
7,0.04366915550530755
8,0.047772938296200086
9,0.11421485656176907
10,0.32262920140371015
