type,prob
1,0.09811070231285282
2,0.012322353758188676
3,0.009799749069018013
4,0.04194900897827409
5,0.2709134930769936
6,0.13991233243994627
7,0.3165851321196882
8,0.02573996166153026
9,0.032289822653662106
10,0.052377443929846036
