type,prob
1,0.17921814861884686
2,0.19311270932648852
3,0.19640507947264527
4,0.0002915852292821732
5,0.01726602522237985
6,0.015930118802081034
7,0.16443632203895522
8,0.05340836809424519
9,0.15201098831941526
10,0.027920654875660613
