type,prob
1,0.06311409043909429
2,0.18569605159813668
3,0.0021884943175597043
4,0.0023476521977544903
5,0.1216720092065916
6,0.22434679478992978
7,0.24290606257178232
8,0.04717081333649916
9,0.05821712177273508
10,0.052340909769916746
