type,prob
1,0.09509603695801652
2,0.03670853883458779
3,0.12499795838555744
4,0.01472988693094729
5,0.07712868472736384
6,0.1158888123627855
7,0.30412136725448236
8,0.14040650948563707
9,0.03804758622078283
10,0.05287461883983938
