type,prob
1,0.04829933935216489
2,0.2554800839458111
3,0.19025735171376643
4,0.14980085549641858
5,0.09542750968082672
6,0.05846328862830854
7,0.06477007704783071
8,0.004561803351601305
9,0.11822534678882536
10,0.014714343994446481
