type,prob
1,0.06364631443348262
2,0.12163405759744987
3,0.14873471581384687
4,0.20321499096370346
5,0.023760594396506275
6,0.0009635233656977867
7,0.08291992453366631
8,0.003414187192627856
9,0.035081096987136594
10,0.3166305947158824
