type,prob
1,0.04373311140019813
2,0.20894174537924906
3,0.13228079726592457
4,0.03396562489954638
5,0.12144875030636267
6,0.18177950393075737
7,0.018434578887397683
8,0.09437001508125074
9,0.10263570849969206
10,0.06241016434962139
