type,prob
1,0.09004998921923675
2,0.04248910629882065
3,0.08318523825770877
4,0.002620877062851424
5,0.265036501380585
6,0.22118166621373572
7,0.2392931226309329
8,0.007710084291447248
9,0.04703370080305991
10,0.0013997138416217126
