type,prob
1,0.026133421087433474
2,0.03810954067668673
3,0.13687002175842727
4,0.025549306998581097
5,0.009091102061794958
6,0.12176797630131883
7,0.080020844363129
8,0.3998900155663649
9,0.037290727965011455
10,0.12527704322125222
