type,prob
1,0.01756432133280143
2,0.41709732560038054
3,0.15957337417374742
4,0.09484563396423808
5,0.00612808000397851
6,0.028886934024976392
7,0.1278918917764408
8,0.006375230797085585
9,0.046340506796748164
10,0.09529670152960316
