type,prob
1,0.002286347625157871
2,0.0804752755609978
3,0.021816750148299917
4,0.05024499826185085
5,0.008008247619040927
6,0.005100209506743107
7,0.19416634985274456
8,0.49499060549178664
9,0.05739324153989357
10,0.08551797439348471
