type,prob
1,0.06343919480877984
2,0.07416590424472783
3,0.07117676175977272
4,0.1660877879454587
5,0.12832819445584695
6,0.2574203857498601
7,0.01267009609946692
8,0.012184090873309364
9,0.20341151931425364
10,0.011116064748523993
