type,prob
1,0.03852030363658106
2,0.10455773808882023
3,0.0921972617416139
4,0.0071993187737329585
5,0.044971083296238064
6,0.19766757827020537
7,0.034774029762569936
8,0.04833149084185228
9,0.31089680196809766
10,0.12088439362028848
