type,prob
1,0.007401531971157628
2,0.015767210070432795
3,0.025063405376438485
4,0.1780674245979259
5,0.22143115445942185
6,0.08479982530817709
7,0.048000669454436894
8,0.19337866881908639
9,0.055250187797748554
10,0.1708399221451745
