type,prob
1,0.15832005554693862
2,0.03718090238879342
3,0.07974275942009973
4,0.006473051175998681
5,0.006838229358197494
6,0.03543323874784098
7,0.2296634563520911
8,0.16992667518534524
9,0.25144223813827843
10,0.024979393686416336
