type,prob
1,0.2905082368583132
2,0.0015378127147554796
3,0.00986652118798089
4,0.1824962320741186
5,0.2158028247017362
6,0.09010352220834664
7,0.0679468157887954
8,0.012824681420405238
9,0.07675947310409041
10,0.052153879941458064
