type,prob
1,0.07975227445315361
2,0.04342099439482567
3,0.16637835137035037
4,0.29565914146476263
5,0.07933849324194922
6,0.2556380227555053
7,0.006548308655302502
8,0.0013698836279260594
9,0.026745385973412566
10,0.045149144062812216
