type,prob
1,0.10917412009961368
2,0.011780722967073026
3,0.04480639482970294
4,0.06335100559917664
5,0.30090615070736404
6,0.0921089910843648
7,0.14163939224756422
8,0.0722365259236456
9,0.14136109214595582
10,0.022635604395539178
