type,prob
1,0.05245502837485152
2,0.08569820881681024
3,0.004479290190663169
4,0.09640020397933695
5,0.0646996651546908
6,0.08340118810804904
7,0.08320814440141083
8,0.21903833665629766
9,0.21762670720712224
10,0.09299322711076752
