type,prob
1,0.0979518348252959
2,0.10786013542084599
3,0.10429977212451583
4,0.107806569162278
5,0.012233983525644055
6,0.07749500769945042
7,0.11924423596863445
8,0.2313738825073046
9,0.09430197259088062
10,0.04743260617515029
