type,prob
1,0.06581587029828002
2,0.001852122741455557
3,0.18026235711240632
4,0.05758060601745283
5,0.21181286293305124
6,0.35921945082324824
7,0.0345822457770249
8,0.03626240523931644
9,0.022978077229558483
10,0.029634001828205817
