type,prob
1,0.011902457946887652
2,0.13163659849253964
3,0.03333389159521813
4,0.07085227186525876
5,0.12326406276564593
6,0.25475210997918646
7,0.036448934712553435
8,0.059621123060072355
9,0.2698304135123346
10,0.00835813607030307
