type,prob
1,0.007831704065220015
2,0.21448884100175225
3,0.09517882146929237
4,0.009259825055935719
5,0.17224416877110593
6,0.10105457362246784
7,0.13601687665800713
8,0.079840799843212
9,0.023448293901254844
10,0.1606360956117517
