type,prob
1,0.28030489544367615
2,0.27617852761479883
3,0.07081846432630502
4,0.07283927178173168
5,0.020329716422707388
6,0.004078359939730212
7,0.03889946366237601
8,0.09314304116194028
9,0.1091341060615693
10,0.03427415358516497
