type,prob
1,0.013327166871503758
2,0.1765947018355465
3,0.13585956312719513
4,0.09484460107944692
5,0.08290386573530766
6,0.07689071360266017
7,0.0751138871006762
8,0.015499528307110294
9,0.0003027523389065083
10,0.3286632200016469
