type,prob
1,0.03095773430154019
2,0.08407927554344942
3,0.010359745217633757
4,0.03439031237291852
5,0.2412922803200438
6,0.031082092148445623
7,0.3048533268562778
8,0.036722841269478765
9,0.18248833482218316
10,0.043774057148028914
