type,prob
1,0.032818512177582734
2,0.04164268524145838
3,0.02335571960514906
4,0.19527141183462624
5,0.02962234850312923
6,0.35766819662770505
7,0.02130933179993548
8,0.00797123584510991
9,0.28109204515665537
10,0.00924851320864873
