type,prob
1,0.018725205609729602
2,0.148005035215187
3,0.10890286823712428
4,0.1047508527440223
5,0.1630530429880314
6,0.05595148031586142
7,0.328738883865118
8,0.015424092584256897
9,0.028469727653642325
10,0.027978810787026805
