type,prob
1,0.17206608714092794
2,0.26151083774686534
3,0.2409658067626524
4,0.0231220699939375
5,0.03955474547026522
6,0.051860304095527505
7,0.1271351467783906
8,0.05610608467380789
9,0.010847377864322638
10,0.016831539473303264
