type,prob
1,0.05320070617766828
2,0.04394585835193752
3,0.02022028384439985
4,0.0932779449830855
5,0.22352634766565105
6,0.03934506458596121
7,0.09266567233082476
8,0.1727235353829939
9,0.03178109847163242
10,0.22931348820584557
