type,prob
1,0.0728325725335332
2,0.01515515829171413
3,0.16285196118831785
4,0.154084267402081
5,0.14888545323144536
6,0.10551505848035753
7,0.021691128931010953
8,0.049757432948413116
9,0.008421837529188845
10,0.2608051294639381
