type,prob
1,0.0986952282477462
2,0.21108859796187673
3,0.05085473745460875
4,0.09230552890295993
5,0.009378304789302492
6,0.07313415183336412
7,0.1764338246459125
8,0.0510082787682099
9,0.094915156168447
10,0.14218619122757234
