type,prob
1,0.08079412108927424
2,0.11498777825033286
3,0.07745955277561063
4,0.0007769672203222384
5,0.02597036202012578
6,0.17304575074571218
7,0.05037883956067374
8,0.01389280093328133
9,0.09813583665765595
10,0.3645579907470112
