type,prob
1,0.06320522119719989
2,0.22180349340712638
3,0.09557091170018493
4,0.01844988924967926
5,0.056352634461121515
6,0.13802930442256878
7,0.24082341777080515
8,0.0447436062583525
9,0.02865388374431251
10,0.09236763778864913
