type,prob
1,0.001480618662939343
2,0.024996867468683175
3,0.4469629623286681
4,0.04398172628061035
5,0.04581795494677733
6,0.08250719928074655
7,0.16967394685359163
8,0.04916896963993843
9,0.04593954318238676
10,0.08947021135565836
