type,prob
1,0.11708097905088269
2,0.00297504650690551
3,0.007108281368529748
4,0.03225409691410076
5,0.11030042286033954
6,0.032594065839531894
7,0.12771448838345448
8,0.04258916351196498
9,0.340113881263943
10,0.1872695743003474
