type,prob
1,0.0960694526384959
2,0.2208329176448987
3,0.00805835595170413
4,0.01883755318528343
5,0.12802101158974682
6,0.1938155392538764
7,0.02402987246407938
8,0.1589258808571073
9,0.14656969025147634
10,0.004839726163331571
