type,prob
1,0.2204500021559458
2,0.0004205699122388407
3,0.1310183415258536
4,0.11126118935383446
5,0.017705167235707416
6,0.029460626750878346
7,0.2471685845983092
8,0.13757087563686649
9,0.03720472531723741
10,0.06773991751312868
