type,prob
1,0.09598247382920368
2,0.026494599725679444
3,0.2874403771689663
4,0.051589381501380635
5,0.12026281743797898
6,0.13472278660835008
7,0.008813591845017522
8,0.16468717788118079
9,0.10698031368838443
10,0.0030264803138581337
