type,prob
1,0.0077641817155377655
2,0.12153983348368971
3,0.030571245113061342
4,0.024524236199187453
5,0.215516534786858
6,0.12827293529889425
7,0.2663348982633145
8,0.07140466025763664
9,0.08364752337477309
10,0.05042395150704714
