type,prob
1,0.06276293903711054
2,0.08743440511274217
3,0.08502629187025175
4,0.0016004172252409201
5,0.09455717971332195
6,0.01749949906956331
7,0.2482190819199864
8,0.016853368355852296
9,0.38489476789614663
10,0.0011520497997839587
