type,prob
1,0.037070636331833204
2,0.14202295747896904
3,0.0007183544263516105
4,0.07216498182574713
5,0.031888758591109546
6,0.19018752158168192
7,0.015042957047962291
8,0.26687066690341493
9,0.2393263959980056
10,0.00470676981492479
