type,prob
1,0.1508880417542048
2,0.08618533337784066
3,0.009681625781461187
4,0.07679338053756368
5,0.0386449191139548
6,0.2000039788891867
7,0.2583812356511873
8,0.12421853612971513
9,0.035217414335541916
10,0.019985534429343713
