type,prob
1,0.2742799344893228
2,0.023966782527990248
3,0.06830921019725887
4,0.006254588873784637
5,0.016714780529155336
6,0.011906924686742442
7,0.4605027897852103
8,0.05851623943761827
9,0.026847883730956316
10,0.05270086574196084
