type,prob
1,0.01733057239611167
2,0.0698243575539955
3,0.1094970878153566
4,0.048218803217042513
5,0.04731034522764343
6,0.13663052555512487
7,0.22906317635279724
8,0.06581822566374135
9,0.16800694161618496
10,0.10829996460200204
