type,prob
1,0.004908187903889289
2,0.05689578950034112
3,0.12194214324773048
4,0.02863312258965744
5,0.13508016575874063
6,0.009421734698886608
7,0.17734966839157756
8,0.3683309992504955
9,0.009572079874190417
10,0.0878661087844909
