type,prob
1,0.043639850927892514
2,0.21957629053787886
3,0.034225868292768406
4,0.0338934355774301
5,0.3767141262795596
6,0.03431350188071421
7,0.019922367101331443
8,0.1649919896431901
9,0.021768603381480144
10,0.05095396637775456
