type,prob
1,0.011085491077066582
2,0.5094431572249253
3,0.011037482943788828
4,0.06094677265147034
5,0.0971091183688397
6,0.0036076144948081743
7,0.13854223577480795
8,0.02224401718819162
9,0.02113086419953723
10,0.12485324607656437
