type,prob
1,0.021142800436614692
2,0.3898411681541443
3,0.07501051148598284
4,0.013774618399842429
5,0.12216974052718625
6,0.14881943764690442
7,0.034032774999959624
8,0.017664637414787302
9,0.1445425238258018
10,0.033001787108776326
