type,prob
1,0.020586626379124662
2,0.029624878718564927
3,0.03380027739010013
4,0.12403503711195313
5,0.05421715891674611
6,0.21162239963706703
7,0.007909283653782065
8,0.13608039010444073
9,0.0337166449256006
10,0.34840730316262064
