type,prob
1,0.13975761192352945
2,0.008877750457508923
3,0.0187111473505256
4,0.053674777194491693
5,0.0314252267781408
6,0.0888463148631121
7,0.24563810550677884
8,0.08146307103593278
9,0.20561582644794082
10,0.125990168442039
