type,prob
1,0.09641184941911156
2,0.08755701473090487
3,0.14528322738651664
4,0.13319772206307415
5,0.05158086514389556
6,0.08548578826072427
7,0.03675518489262862
8,0.10744639149833396
9,0.2501707235626172
10,0.006111233042193209
