type,prob
1,0.14901911713079918
2,0.06600362458347127
3,0.02389894491370136
4,0.20269724741441772
5,0.3021734957686395
6,0.006648557487617138
7,0.08761261226333092
8,0.028755522427836796
9,0.023575577988568172
10,0.10961530002161798
