type,prob
1,0.10866555964074257
2,0.0728769778506421
3,0.04344447216303157
4,0.10687154356825072
5,0.04507118653825091
6,0.0756007426497712
7,0.16055159701607485
8,0.14447642070369796
9,0.05762458716920433
10,0.18481691270033385
