type,prob
1,0.09733541147438901
2,0.010883451399203499
3,0.15127741682810664
4,0.09133005251789408
5,0.23867250853850017
6,0.01792878670920361
7,0.018511608881430597
8,0.24456390430273955
9,0.11250255392341103
10,0.01699430542512172
