type,prob
1,0.021662397381709317
2,0.04084087305254711
3,0.0022937685262135856
4,0.11931696370396937
5,0.014800316256542906
6,0.06865370699544183
7,0.07662413927884386
8,0.31019544165011365
9,0.1054151261934857
10,0.2401972669611327
