type,prob
1,0.23743693147572714
2,0.14669047302922292
3,0.11596369055536358
4,0.001681777223818238
5,0.00804914473702765
6,0.06097506072729954
7,0.23057097011871072
8,0.026317852118823374
9,0.16569413524784693
10,0.0066199647661598394
