type,prob
1,0.013346268428487355
2,0.039769473697230405
3,0.0007292891238019223
4,0.007537730926128168
5,0.05653419086377057
6,0.0051067830770561064
7,0.06507931490008334
8,0.12343335554713696
9,0.18548352979561894
10,0.5029800636406861
