type,prob
1,0.09101372194905355
2,0.0714125682243194
3,0.10613018642766149
4,0.042611671544270806
5,0.18917668051458847
6,0.14036335817112458
7,0.10220591837149023
8,0.10038783664982782
9,0.012180502278897578
10,0.14451755586876616
