type,prob
1,0.02035950718492242
2,0.22623556674363884
3,0.19758965590314786
4,0.03996582508081778
5,0.02687429414570989
6,0.04997259556796139
7,0.1168010445464737
8,0.19970720478382256
9,0.03061976482525356
10,0.09187454121825188
