type,prob
1,0.08958092782986832
2,0.14363911732057916
3,0.0025445913922770443
4,0.17144565961328687
5,0.24420646084550857
6,0.008832281092519233
7,0.01233049649944608
8,0.032904597297664456
9,0.17301278549806812
10,0.1215030826107822
