type,prob
1,0.06669827589997396
2,0.08963776874959745
3,0.006775108065117564
4,0.2532587728016267
5,0.2970864821574137
6,0.10971197602087067
7,0.021303654628601697
8,0.0851920390361983
9,0.024542089889645517
10,0.045793832750954375
