type,prob
1,0.1374101227808701
2,0.19822379784696806
3,0.06932207815379571
4,0.32102775090810387
5,0.012772078503366664
6,0.01625450066777283
7,0.03030020986416004
8,0.13006371075369733
9,0.029481658841699877
10,0.05514409167956563
