type,prob
1,0.0919924388070015
2,0.12603700777361193
3,0.005631486395613727
4,0.021559272704517574
5,0.05559829388953775
6,0.041323946121563045
7,0.11232931149559797
8,0.14794664884371586
9,0.3697527236650154
10,0.027828870303825286
