type,prob
1,0.08006545248196256
2,0.027527210742908426
3,0.15945006160430772
4,0.0872831349757811
5,0.05240864004316058
6,0.23223732408875464
7,0.0013852916567095883
8,0.07115489280823162
9,0.16379223399035242
10,0.12469575760783125
