type,prob
1,0.13696108526333708
2,0.08977643631628769
3,0.027136442398435864
4,0.23291439556130136
5,0.11367626868030024
6,0.013020118317716847
7,0.16098371637244188
8,0.05127789166494052
9,0.055698289228446995
10,0.11855535619679175
