type,prob
1,0.2995503620193274
2,0.12768599445489023
3,0.137805311513177
4,0.017938239000403255
5,0.07514579587590926
6,0.060617082123772016
7,0.0997577087604052
8,0.032113156966223654
9,0.13580154486039056
10,0.013584804425501458
