type,prob
1,0.20000654004632915
2,0.09322401647053855
3,0.03641493741916248
4,0.24224568991046866
5,0.15082252127746237
6,0.09822990260080663
7,0.0354251426097706
8,0.00607005364998649
9,0.12175385116304241
10,0.01580734485243258
