type,prob
1,0.10031462768195908
2,0.10782454088615552
3,0.02145132207619325
4,0.3507035239464029
5,0.05215004499685294
6,0.06402041252270387
7,0.27162023472475505
8,0.026660165152808443
9,0.00446391920685971
10,0.0007912088053093171
