type,prob
1,0.18539146654538172
2,0.00606616341369448
3,0.00023671319904224866
4,0.03875323810758669
5,0.08245641569610539
6,0.24214979021405747
7,0.04387196815520991
8,0.22850234201301514
9,0.15332059153500519
10,0.019251311120901844
