type,prob
1,0.042195882437170144
2,0.03163804965354105
3,0.07016916020435321
4,0.2229708262252236
5,0.3687685794968898
6,0.0817644942389842
7,0.1619659496335484
8,0.0009570507980190499
9,0.009781731185737998
10,0.009788276126532647
