type,prob
1,0.11629473246780657
2,0.11513000009527821
3,0.023297023671200835
4,0.10943939704613545
5,0.2058668457305475
6,0.031006919712058587
7,0.05436886432713942
8,0.07440624632170965
9,0.03691842175464072
10,0.23327154887348298
