type,prob
1,0.06854799225595191
2,0.04271673668538999
3,0.07065696771011122
4,0.013767350930655512
5,0.06603736925858465
6,0.23007729823924464
7,0.04716714941633987
8,0.05091104496076425
9,0.1543202240154911
10,0.255797866527467
