type,prob
1,0.06185100310186185
2,0.06657114010570565
3,0.005086378740275085
4,0.12457948463333665
5,0.0888369455769511
6,0.12610760554878261
7,0.1612000558173172
8,0.00202162409540659
9,0.3419981563903399
10,0.021747605990023358
