type,prob
1,0.040219439274184844
2,0.07524662011860318
3,0.3784456655914348
4,0.0496341738100343
5,0.11064551532880866
6,0.020027720412362324
7,0.13117064752809846
8,0.05054915861777247
9,0.00030654156911067733
10,0.14375451774959044
