type,prob
1,0.15069026084509968
2,0.21370474626103028
3,0.05683907452716611
4,0.011857104296201246
5,0.05091174662753476
6,0.04532596020185234
7,0.01462557486845608
8,0.18528003964866502
9,0.2682929801891304
10,0.0024725125348642
