type,prob
1,0.10288408361976151
2,0.1584106614108209
3,0.2397484997089338
4,0.08451255372377126
5,0.10360590706520655
6,0.037473192843759294
7,0.0017007070205144379
8,0.016185209421697322
9,0.09236442540438684
10,0.1631147597811481
