type,prob
1,0.10410301879083893
2,0.11691569510492887
3,0.08544138871075078
4,0.04493783830346622
5,0.18904852034556774
6,0.00275536503590635
7,0.05092685393398658
8,0.05680982088053408
9,0.2038586732351029
10,0.1452028256589178
