type,prob
1,0.11145537608266748
2,0.1357047878679112
3,0.09812162508051905
4,0.002123662067083637
5,0.04496513230506893
6,0.25598395207834973
7,0.2306447554299019
8,0.01661794655605795
9,0.06981724907297097
10,0.03456551345946905
