type,prob
1,0.1126673414229404
2,0.1361972917149492
3,0.13155793135434435
4,0.027935759466309263
5,0.0018794954282456238
6,0.23707193789736386
7,0.04813348828177042
8,0.10333587721812784
9,0.0031360841858183476
10,0.19808479303013068
