type,prob
1,0.1614090709526497
2,0.13420106142101054
3,0.024896601856992412
4,0.0542763015768695
5,0.28631901198005644
6,0.029416109528150703
7,0.028503186553757793
8,0.2289545839396458
9,0.04666782199007133
10,0.005356250200795721
