type,prob
1,0.044254958617881646
2,0.059184249150599465
3,0.0580479438206253
4,0.029702748928379156
5,0.07624796317685188
6,0.06849185681827133
7,0.030784395381776068
8,0.02210939095396368
9,0.4508799824601703
10,0.16029651069148113
