type,prob
1,0.004876443100847294
2,0.11156784415268696
3,0.09527581023738156
4,0.07119660396286343
5,0.06104442599144408
6,0.011977337456898182
7,0.2329182651223543
8,0.23744473936312352
9,0.01446261287586075
10,0.15923591773653975
