type,prob
1,0.04935010734733121
2,0.15870817133578324
3,0.2182272337809923
4,0.029601010811447337
5,0.05623858680278108
6,0.059725322527302435
7,0.0020703394384364742
8,0.11274002165857647
9,0.12897573006278026
10,0.18436347623456917
