type,prob
1,0.24866457845683815
2,0.06667974893109155
3,0.21802514171525056
4,0.06464869990144449
5,0.0717044767585999
6,0.04065389309885149
7,0.07946690058007724
8,0.014088369587376288
9,0.14443881352132706
10,0.051629377449143136
