type,prob
1,0.14024799003902097
2,0.01771575251058074
3,0.02792791370482278
4,0.027860027112948344
5,0.20281709414205312
6,0.020715138794895064
7,0.0593296666454395
8,0.22769912668174022
9,0.01639632017824834
10,0.25929097019025105
