type,prob
1,0.21706502725869042
2,0.03109381821991559
3,0.13222128343652131
4,0.038065987072905816
5,0.01072981481951287
6,0.048321820671639655
7,0.1883299572953988
8,0.2935564139878566
9,0.008154282412821177
10,0.032461594824737726
