type,prob
1,0.11706767717610207
2,0.0009328917327854523
3,0.04445137623659341
4,0.06743640230121906
5,0.03373529875485249
6,0.33704601086532276
7,0.019226053987502864
8,0.2625603084371462
9,0.040338210427106586
10,0.07720577008136902
