type,prob
1,0.16605640604965913
2,0.0014281386271398542
3,0.0077327092462749925
4,0.07834387810554903
5,0.3977792103166035
6,0.054614130922147563
7,0.010195618922906652
8,0.09508608863199983
9,0.16217067387019485
10,0.026593145307524445
