type,prob
1,0.27869548634365027
2,0.1448970112812286
3,0.008045669144304202
4,0.227848766243408
5,0.01686672829535955
6,0.09978015953719528
7,0.044081434693107324
8,0.09056813442822095
9,0.08654967515573887
10,0.002666934877786901
