type,prob
1,0.29191490760366184
2,0.0031917298258279537
3,0.13773175214162905
4,0.04061032842753836
5,0.0872481217627306
6,0.012547118812257046
7,0.05257359994875215
8,0.13112735297877717
9,0.14352363441002997
10,0.09953145408879593
