type,prob
1,0.1831192210900461
2,0.0035421533084453137
3,0.37152199917382356
4,0.028127260846944276
5,0.002302300956801227
6,0.06485635819733188
7,0.2645648986060069
8,0.011884074276688713
9,0.02552522328080626
10,0.04455651026310573
