type,prob
1,0.15975688168232322
2,0.19003085453879845
3,0.027247968770265116
4,0.10458642758628359
5,0.05887878670567432
6,0.11220104166413843
7,0.05281991558725057
8,0.07839866843437938
9,0.16849673318760008
10,0.04758272184328687
