type,prob
1,0.18481212845611444
2,0.05876658557871879
3,0.08443999880966088
4,0.09169979112532838
5,0.03936590719862579
6,0.09965411104942361
7,0.20963029405000183
8,0.11733709426789837
9,0.10889576853797138
10,0.005398320926256476
