type,prob
1,0.09720358199620273
2,0.12910566343632363
3,0.2761529679813326
4,0.09535649426942776
5,0.04395184678525954
6,0.037820810064299555
7,0.02079188310419556
8,0.21360876668618553
9,0.01238017440919836
10,0.07362781126757466
