type,prob
1,0.019840925121272886
2,0.01757021028685643
3,0.0286495812133037
4,0.020096787523355163
5,0.1553663288618256
6,0.04633445670653219
7,0.3221393903155634
8,0.11853279090077756
9,0.14999655764858352
10,0.12147297142192949
