type,prob
1,0.2606078091918912
2,0.15364351498801998
3,0.02229400983038727
4,0.033115764492335366
5,0.006094440943714768
6,0.0399159098660388
7,0.07018573777704493
8,0.018971035645696376
9,0.1404936972525628
10,0.25467808001230846
