type,prob
1,0.09048321818500908
2,0.04746017567391106
3,0.2573161392160626
4,0.0939946101676674
5,0.036346467698047634
6,0.05308853480029448
7,0.14279416334730552
8,0.052923324967839906
9,0.192122428257765
10,0.03347093768609737
