type,prob
1,0.09166798998735318
2,0.36750214550626853
3,0.009045824315071052
4,0.016428588758491826
5,0.22212543079546207
6,0.018242940329609894
7,0.03135617936086154
8,0.14670613830807958
9,0.05879402651666873
10,0.038130736122133566
