type,prob
1,0.05142940743416255
2,0.09833596104515933
3,0.3375900640742865
4,0.06213053504894169
5,0.01652552448551371
6,0.12482511275672747
7,0.10989634010062199
8,0.07222484797100617
9,0.0032483308560757353
10,0.12379387622750476
