type,prob
1,0.15993632743500025
2,0.03396247985313941
3,0.008788397069863998
4,0.32892580763163964
5,0.2944450616732499
6,0.06568542385141828
7,0.0028771569858712046
8,0.004981099063603689
9,0.022026460985715306
10,0.07837178545049817
