type,prob
1,0.05997138387116599
2,0.16195560136129405
3,0.06665799828970358
4,0.05454558578345687
5,0.017634426353002535
6,0.160891480287598
7,0.17996091332578096
8,0.15074204182013534
9,0.04781354591398975
10,0.09982702299387283
