type,prob
1,0.2816840683992075
2,0.04782559120566845
3,0.0743485292406954
4,0.19368383716070123
5,0.0294542364195261
6,0.034183304122922836
7,0.03703655509986253
8,0.020552895223473693
9,0.26650298215955287
10,0.014728000968389434
