type,prob
1,0.020078889342357905
2,0.026194841820977907
3,0.2121030927021687
4,0.050895349570304615
5,0.0497833494400686
6,0.03718501028818307
7,0.14069399280337855
8,0.007078414696432336
9,0.13754667010041938
10,0.318440389235709
