type,prob
1,0.03875421134885004
2,0.042480466191905
3,0.133168909276091
4,0.03136372145461075
5,0.2620175492480533
6,0.24530135893711838
7,0.022430549795784658
8,0.14838304298032148
9,0.01744369098080243
10,0.05865649978646272
