type,prob
1,0.23833712058283235
2,0.0087106451007797
3,0.10325944796494935
4,0.005750529356709965
5,0.0326203814655122
6,0.21661945052179274
7,0.01092982099615554
8,0.19686800325333184
9,0.13028833677059093
10,0.05661626398734544
