type,prob
1,0.14809416824576446
2,0.0066847533140748545
3,0.05104420099059354
4,0.08246160186810918
5,0.13317458105545807
6,0.003183930919034636
7,0.18555450032920667
8,0.03568685908229573
9,0.026582754950950405
10,0.3275326492445125
