type,prob
1,0.05182221763254168
2,0.06997287007803177
3,0.13693188252039387
4,0.01861795110942732
5,0.01579262504714089
6,0.09380099818476291
7,0.03414073154697113
8,0.11673454149285392
9,0.2719975320808946
10,0.19018865030698193
