type,prob
1,0.16478253367594384
2,0.08742660879776577
3,0.0050840591155486
4,0.12478504639716624
5,0.08751531110008404
6,0.036085254263871165
7,0.21734144551934045
8,0.057801866499886986
9,0.15351303844335717
10,0.06566483618703596
