type,prob
1,0.06727366819574869
2,0.030193572504029192
3,0.02394416123820716
4,0.18287076495416446
5,0.3488536508393699
6,0.017041050229937894
7,0.00590408208416003
8,0.18054067550516464
9,0.0699191319969568
10,0.07345924245226107
