type,prob
1,0.0649685512439764
2,0.07149493040750907
3,0.04190087734513306
4,0.04566226924983992
5,0.2166270798181261
6,0.1711322184319197
7,0.20297063606779128
8,0.1292154461184802
9,0.05345217499069358
10,0.0025758163265306565
