type,prob
1,0.14498517447541026
2,0.050888502474115804
3,0.000266281231174568
4,0.1283289983066081
5,0.05967610065739951
6,0.1794989142800331
7,0.24112514591774148
8,0.11238959194922156
9,0.000429791393973263
10,0.08241149931432239
