type,prob
1,0.11223398705681238
2,0.060192863782907904
3,0.06900238145796614
4,0.24598988729109286
5,0.15178571128824384
6,0.16901969232774183
7,0.007540894407816184
8,0.11078449458873618
9,0.03638765491126509
10,0.03706243288741761
