type,prob
1,0.11465553180530604
2,0.08362101791592208
3,0.03937291557813669
4,0.1759469667929964
5,0.1286431412536147
6,0.028221052455774845
7,0.04965999583075426
8,0.02807898125842493
9,0.29749617434753284
10,0.05430422276153723
