type,prob
1,0.14392035252057322
2,0.037061769406762084
3,0.15855348002312317
4,0.0612137368171865
5,0.057850271255501635
6,0.16555913505190573
7,0.06952102627935053
8,0.004343949236024889
9,0.13422055465336816
10,0.16775572475620418
