type,prob
1,0.13013163592968505
2,0.21042529787098593
3,0.051274687058322145
4,0.23565165788188144
5,0.005860015961555385
6,0.000896096340004917
7,0.11529687463643062
8,0.18089094218710175
9,0.03704349559495922
10,0.032529296539073625
