type,prob
1,0.09832839241185064
2,0.17722944507915492
3,0.04388363294649823
4,0.10419537762412771
5,0.15253726007337465
6,0.10107950629467435
7,0.02185312265235249
8,0.11431242652362726
9,0.07156269710474267
10,0.11501813928959706
