type,prob
1,0.24723483984146702
2,0.07702328440645587
3,0.02241219752089314
4,0.24013144606748962
5,0.21112956898140814
6,0.020298224820736326
7,0.05015763760179692
8,0.03391894688134431
9,0.018099609877341934
10,0.07959424400106682
