type,prob
1,0.010857437127842524
2,0.11956831864785684
3,0.026997612027556128
4,0.1727364789153749
5,0.04285968214572085
6,0.19269945572672367
7,0.03117357666824214
8,0.28749649956651807
9,0.09751804157611375
10,0.018092897598051265
