type,prob
1,0.0012553043149844533
2,0.060256774530971065
3,0.06435250093389842
4,0.036712127530751024
5,0.18278753078838875
6,0.08722285268759672
7,0.12267620615566605
8,0.10761330799993997
9,0.032815431623326494
10,0.30430796343447697
