type,prob
1,0.03176549082487152
2,0.020215726103938573
3,0.12840084057246468
4,0.00016730231593090335
5,0.17105507126821234
6,0.1185226789564499
7,0.12298175454409804
8,0.3495153976363881
9,0.03552549187172081
10,0.02185024590592529
