type,prob
1,0.0192958372766794
2,0.03294582260820732
3,0.21860411533943744
4,0.027082249883005047
5,0.2632269097675561
6,0.024572361120625073
7,0.0944341729967711
8,0.12346784535599893
9,0.01667072602459149
10,0.1796999596271281
