type,prob
1,0.03362933132363635
2,0.3280424135696354
3,0.023447659550362723
4,0.001840851358636458
5,0.031273709799387095
6,0.2910230039187738
7,0.16694512141656664
8,0.07880180289314331
9,0.01600983255522557
10,0.028986273614632695
