type,prob
1,0.07617984921860238
2,0.09626217879901038
3,0.23265245787087654
4,0.10777663854486218
5,0.00394938474448582
6,0.2531623048114641
7,0.1264323629911646
8,0.09571990379812002
9,0.00201295545571332
10,0.005851963765700526
