type,prob
1,0.002431321715464198
2,0.1376992869458732
3,0.0759351625185841
4,0.21647567524688696
5,0.027320572525576518
6,0.052687877648368374
7,0.25478335428831134
8,0.05706666108186107
9,0.051172016959593336
10,0.1244280710694809
