type,prob
1,0.020647187812517162
2,0.02166727336933255
3,0.09330562824500022
4,0.2319145024618984
5,0.06399459643719714
6,0.3180035261339755
7,0.006688875107690691
8,0.20254628575559408
9,0.04072368232822074
10,0.0005084423485735686
