type,prob
1,0.07651519419040484
2,0.12558543365527236
3,0.004175535956071956
4,0.017328231193094325
5,0.06011956391842797
6,0.13439313798084332
7,0.27447573811181075
8,0.16309999650939638
9,0.007495304032010056
10,0.136811864452668
