type,prob
1,0.2613580326712073
2,0.03762799544030646
3,0.09748797148523096
4,0.006578290533641186
5,0.028390828736405756
6,0.1833293439352386
7,0.11554558030753195
8,0.05105687431428478
9,0.19902281337733232
10,0.019602269198820802
