type,prob
1,0.12342877286689417
2,0.04853366643297719
3,0.000525977708783678
4,0.007301604302601858
5,0.1471527590832286
6,0.039610236450998336
7,0.28095442677751664
8,0.24808117435683613
9,0.03724654078102076
10,0.06716484123914261
