type,prob
1,0.009651527206550738
2,0.02643745061944506
3,0.32327497410687345
4,0.009876010300907512
5,0.0026080124771105107
6,0.05186752395729929
7,0.3189689019489832
8,0.11292300499380252
9,0.09949060926440184
10,0.04490198512462584
