type,prob
1,0.2478799934342995
2,0.12915798342440554
3,0.048855679965988275
4,0.15791489078702362
5,0.010322843424458985
6,0.08303662806086794
7,0.15000736625298908
8,0.027886592276289885
9,0.005742279301164447
10,0.13919574307251278
