type,prob
1,0.16910401443214776
2,0.1753975008506242
3,0.16128524048345413
4,0.10388597404148785
5,0.037941843951323204
6,0.14728964856038337
7,0.004191732269458447
8,0.032107894958784175
9,0.056459693715112357
10,0.1123364567372247
