type,prob
1,0.26707048836573816
2,0.04208505506127626
3,0.028782643165288346
4,0.027126434524679447
5,0.0010808440362979391
6,0.0753719385581587
7,0.21348286578737624
8,0.03715818230260055
9,0.18942339102780234
10,0.11841815717078198
