type,prob
1,0.29918067436567986
2,0.017935826523556395
3,0.08856065137823627
4,0.19750472596206747
5,0.2031850376082696
6,0.049903941456832704
7,0.06560458476969246
8,0.042687468883962465
9,0.033448952155272015
10,0.0019881368964308433
