type,prob
1,0.03082339665560813
2,0.008456247478866257
3,0.11211208427011417
4,0.10239925763543986
5,0.14032797406866146
6,0.0016655993938154323
7,0.2972148423471529
8,0.06830712960109665
9,0.1580863776510621
10,0.08060709089818313
