type,prob
1,0.265496792329592
2,0.008014484064176187
3,0.13122292088557896
4,0.028565958501928577
5,0.009046141812099345
6,0.033929965885392974
7,0.04475072287623194
8,0.21135463795375406
9,0.24070150239040441
10,0.026916873300841707
