type,prob
1,0.0007950422047104301
2,0.27042107519999775
3,0.1110566266783654
4,0.03360489215673968
5,0.04731032997273297
6,0.04887888552485552
7,0.013851688473432856
8,0.009399130288261575
9,0.11004406138705593
10,0.35463826811384797
