type,prob
1,0.08095210692795468
2,0.2789948709276387
3,0.11268287635381712
4,0.02814497894631033
5,0.13957637501101638
6,0.0761321777485207
7,0.02053411635317554
8,0.050111991010677134
9,0.1270351812715217
10,0.08583532544936766
