type,prob
1,0.061079518011872294
2,0.1590381142686528
3,0.07049683831089872
4,0.18206983590545922
5,0.1295655698451646
6,0.029818894909041375
7,0.07460508325877227
8,0.16355076114355915
9,0.11056942614721217
10,0.019205958199367174
