type,prob
1,0.06698620613030583
2,0.014947113693559059
3,0.2808876555994489
4,0.12577233506554977
5,0.06444844950745986
6,0.034180912991463905
7,0.11476238516991734
8,0.1910288137738457
9,0.05950083583117165
10,0.04748529223727798
