type,prob
1,0.03249027349030789
2,0.08260339891426371
3,0.008655170460807158
4,0.06598331107151019
5,0.022524323344301177
6,0.11427345984565172
7,0.1943974597753147
8,0.12349976451889712
9,0.11339019169060878
10,0.24218264688833746
