type,prob
1,0.1946131886366316
2,0.03682615454189187
3,0.01126053021777914
4,0.19673739493981038
5,0.12766436965714528
6,0.043353022064475714
7,0.060626936312541874
8,0.13122510621362776
9,0.08834597387943699
10,0.10934732353665955
