type,prob
1,0.051034637026146745
2,0.10876525272255436
3,0.30657466989224935
4,0.04079539878684246
5,0.18079163526289047
6,0.040746405332840976
7,0.10915935628317093
8,0.04983453417034747
9,0.1121010171264947
10,0.0001970933964625506
