type,prob
1,0.01433613440389454
2,0.015733241801235004
3,0.03485203250055787
4,0.002539759416951044
5,0.09069734056104979
6,0.011630041647551131
7,0.39532580331967887
8,0.06549112312956792
9,0.19722259632621392
10,0.1721719268932999
