type,prob
1,0.07591608173325466
2,0.13759759395955778
3,0.12416877655817954
4,0.1944542747283239
5,0.14326434544225977
6,0.04906910155811761
7,0.06980201257669288
8,0.08834640059402661
9,0.038961864594091816
10,0.07841954825549546
