type,prob
1,0.014299139602729907
2,0.06322387718841263
3,0.01306701382191516
4,0.302555870089726
5,0.05177695131748004
6,0.16527499012896488
7,0.17582359511718376
8,0.07626808194350723
9,0.10425234674003647
10,0.03345813405004392
