type,prob
1,0.13675345374551173
2,0.11480886382017452
3,0.13977271590484494
4,0.13848883551066396
5,0.1012248105140849
6,0.018072398553540005
7,0.13153253045887087
8,0.05809973808923682
9,0.09033665047074782
10,0.07091000293232459
