type,prob
1,0.021961599801847677
2,0.1093414115896636
3,0.12305932870500927
4,0.053780842129429025
5,0.09639168727702138
6,0.020120808050950765
7,0.15580807448573047
8,0.028974808989673046
9,0.1026981291482332
10,0.2878633098224417
