type,prob
1,0.02484878266951149
2,0.0471838943998154
3,0.10175022318964032
4,0.10830213389942572
5,0.21469865259663287
6,0.04709083954438131
7,0.04711836160337718
8,0.046097579508234364
9,0.3566327918498773
10,0.006276740739104063
