type,prob
1,0.11652021021642082
2,0.037238355178170125
3,0.1432773077748949
4,0.05061380198381817
5,0.10064219283630971
6,0.24447436845409448
7,0.028077162352161598
8,0.09098976077653496
9,0.09312481447090709
10,0.09504202595668831
