type,prob
1,0.10511612262950809
2,0.13516428648272003
3,0.03838419787764585
4,0.21957261278632653
5,0.025310517802371903
6,0.04480309847886898
7,0.136401559557632
8,0.05386516279700335
9,0.2017239328164008
10,0.03965850877152241
