type,prob
1,0.1829836950408934
2,0.008957813129883365
3,0.048322788703438674
4,0.0014589240413086697
5,0.21389290921211812
6,0.06272199456966263
7,0.2873770452435883
8,0.015464172450159713
9,0.10075932716432856
10,0.07806133044461848
