type,prob
1,0.08571921350243367
2,0.09669197641700189
3,0.12134290418467394
4,0.008844716951015553
5,0.016517148277981567
6,0.04960802522607301
7,0.031763439753839454
8,0.04947550571874798
9,0.1995389852659465
10,0.34049808470228654
