type,prob
1,0.012091100883599304
2,0.07488813060272528
3,0.027118608514812313
4,0.4075788734583539
5,0.1724159724900537
6,0.09137111467697867
7,0.0042289072514398885
8,0.04101241868272637
9,0.09751641885393822
10,0.07177845458537241
