type,prob
1,0.18700456519673905
2,0.02099072713877462
3,0.12579818942271223
4,0.007174546498465761
5,0.15404877993550303
6,0.06292721799218956
7,0.04887277692707534
8,0.14135187264071908
9,0.18680533024452067
10,0.06502599400330057
