type,prob
1,0.2880362293294683
2,0.026065035078978557
3,0.05412452172210221
4,0.06631710912914096
5,0.1343685906366464
6,0.021066272405318057
7,0.10852439878596394
8,0.004048698868529067
9,0.2443854581079696
10,0.05306368593588289
