type,prob
1,0.08718935857101687
2,0.06149660157492185
3,0.23572420957511955
4,0.25614325337735905
5,0.14952994068681366
6,0.06069341494470164
7,0.06446457077886762
8,0.04886562766260703
9,0.023262880757683048
10,0.012630142070909617
