type,prob
1,0.09134590406628464
2,0.15651789411550596
3,0.2671071551915768
4,0.05337201135903991
5,0.014912492801864932
6,0.16977158717185012
7,0.0029988961621729834
8,0.1724334252825053
9,0.024512028724295434
10,0.047028605124904
