type,prob
1,0.07740267300095266
2,0.25545736347323167
3,0.1291312827858509
4,0.002705235044196994
5,0.06549068977417742
6,0.32013160295830934
7,0.040737210912365644
8,0.053599439107481606
9,0.01678391190169748
10,0.03856059104173633
