type,prob
1,0.07156870976215801
2,0.26891388860394216
3,0.11495796857707102
4,0.2414578676622631
5,0.1561111533921097
6,0.00790826173568659
7,0.03520206231536499
8,0.023977830979613778
9,0.030861558410497605
10,0.04904069856129311
