type,prob
1,0.04604340946358619
2,0.013652833619264193
3,0.10065259848751612
4,0.08057727720549925
5,0.3590349688883996
6,0.019155318041032997
7,0.14569989452115378
8,0.0165428395459046
9,0.012886308109057075
10,0.2057545521185862
