type,prob
1,0.09799178275546293
2,0.10892733684173964
3,0.042311066938421765
4,0.035532731568406264
5,0.14917189068003792
6,0.09550817667928933
7,0.07070684258081739
8,0.09766576917913286
9,0.19794425121550618
10,0.10424015156118568
