type,prob
1,0.04109855583999451
2,0.1966756795244229
3,0.021246723296149614
4,0.01692235707222964
5,0.07335585091771615
6,0.034645230632774894
7,0.14696297303450312
8,0.05819761335706449
9,0.08205686886898839
10,0.3288381474561562
